Date,Price,Open,High,Low,Vol.,Change %
2023-07-21,99.6,99.58,99.6,99.56,4.62K,0.0004
2023-07-20,99.56,99.55,99.58,99.53,9.55K,0.0002
2023-07-19,99.54,99.55,99.56,99.53,4.40K,0.0
2023-07-18,99.54,99.51,99.6,99.51,12.47K,0.0
2023-07-17,99.54,99.58,99.58,99.51,11.89K,0.0001
2023-07-14,99.53,99.53,99.55,99.5,16.74K,0.0007000000000000001
2023-07-13,99.46,99.59,99.59,99.46,18.49K,-0.0004
2023-07-12,99.5,99.48,99.5,99.45,19.69K,0.0
2023-07-11,99.5,99.48,99.5,99.45,16.54K,0.0002
2023-07-10,99.48,99.47,99.48,99.45,7.91K,0.0003
2023-07-07,99.45,99.45,99.47,99.43,4.54K,-0.0001
2023-07-06,99.46,99.43,99.47,99.41,42.57K,0.0005
2023-07-05,99.41,99.43,99.43,99.4,4.37K,0.0001
2023-07-04,99.4,99.46,99.7,99.39,34.82K,-0.0006
2023-07-03,99.46,99.51,99.51,99.39,5.27K,0.0005
2023-06-30,99.41,99.34,99.41,99.34,4.91K,0.0004
2023-06-29,99.37,99.39,99.39,99.3,12.42K,0.0001
2023-06-28,99.36,99.4,99.4,99.34,6.58K,0.0002
2023-06-27,99.34,99.32,99.39,99.32,10.22K,-0.0002
2023-06-26,99.36,99.4,99.4,99.33,11.83K,-0.0004
2023-06-23,99.4,99.39,99.45,99.35,10.32K,0.001
2023-06-22,99.3,99.33,99.39,99.28,29.23K,0.0002
2023-06-21,99.28,99.39,99.39,99.26,22.21K,0.0003
2023-06-20,99.25,99.39,99.39,99.25,10.36K,-0.0004
2023-06-19,99.29,99.32,99.33,99.26,17.28K,0.0004
2023-06-16,99.25,99.25,99.29,99.24,11.36K,0.0004
2023-06-15,99.21,99.22,99.26,99.2,11.43K,0.0
2023-06-14,99.21,99.22,99.24,99.2,12.67K,0.0001
2023-06-13,99.2,99.21,99.24,99.2,17.38K,0.0
2023-06-12,99.2,99.22,99.22,99.2,7.80K,0.0
2023-06-09,99.2,99.18,99.23,99.18,6.44K,0.0002
2023-06-08,99.18,99.23,99.23,99.15,9.14K,0.0002
2023-06-07,99.16,99.17,99.18,99.14,12.52K,0.0
2023-06-06,99.16,99.15,99.21,99.14,6.81K,0.0002
2023-06-05,99.14,99.2,99.2,99.14,3.58K,-0.0001
2023-06-02,99.15,99.19,99.19,99.11,9.44K,0.0
2023-06-01,99.15,99.11,99.2,99.11,2.54K,0.0006
2023-05-31,99.09,99.09,99.11,99.08,7.23K,-0.0001
2023-05-30,99.1,99.1,99.24,99.07,7.50K,0.0002
2023-05-29,99.08,99.1,99.1,99.07,1.62K,0.0
2023-05-26,99.08,99.08,99.1,99.05,5.48K,0.0
2023-05-25,99.08,99.06,99.07,99.03,3.88K,0.0004
2023-05-24,99.04,99.08,99.08,99.04,10.72K,0.0
2023-05-23,99.04,99.04,99.07,99.01,6.75K,0.0001
2023-05-22,99.03,99.03,99.09,99.01,16.50K,-0.0003
2023-05-19,99.06,99.01,99.08,99.0,10.66K,0.0005
2023-05-18,99.01,99.01,99.01,99.01,4.19K,0.0002
2023-05-17,98.99,99.0,99.02,98.98,3.46K,-0.0002
2023-05-16,99.01,98.96,99.05,98.95,8.82K,0.0003
2023-05-15,98.98,98.99,99.0,98.95,5.95K,0.0001
2023-05-12,98.97,98.97,98.97,98.94,9.41K,0.0004
2023-05-11,98.93,98.96,99.0,98.92,6.00K,0.0001
2023-05-10,98.92,98.93,98.96,98.91,9.41K,-0.0002
2023-05-09,98.94,98.92,98.95,98.91,7.90K,0.0001
2023-05-08,98.93,98.92,98.93,98.89,12.11K,0.0002
2023-05-05,98.91,98.89,98.91,98.88,1.41K,0.0004
2023-05-04,98.87,98.87,98.9,98.86,5.56K,0.0002
2023-05-03,98.85,98.88,98.92,98.85,8.03K,0.0
2023-05-02,98.85,98.88,98.96,98.85,11.38K,0.0
2023-04-28,98.85,98.84,98.86,98.84,5.08K,0.0001
2023-04-27,98.84,98.83,98.87,98.78,14.79K,-0.0001
2023-04-26,98.85,98.82,98.85,98.8,6.47K,0.0004
2023-04-25,98.81,98.81,98.82,98.8,4.60K,0.0
2023-04-24,98.81,98.81,98.81,98.79,5.51K,0.0001
2023-04-21,98.8,98.77,98.81,98.77,10.83K,0.0003
2023-04-20,98.77,98.77,98.81,98.74,3.86K,0.0
2023-04-19,98.77,98.74,98.77,98.74,8.10K,0.0001
2023-04-18,98.76,98.76,98.78,98.75,9.32K,0.0
2023-04-17,98.76,98.75,98.77,98.72,3.01K,0.0002
2023-04-14,98.74,98.72,98.75,98.71,7.99K,0.0002
2023-04-13,98.72,98.72,98.72,98.7,4.38K,0.0
2023-04-12,98.72,98.71,98.72,98.65,10.94K,0.0002
2023-04-11,98.7,98.75,98.8,98.69,8.52K,0.0
2023-04-06,98.7,98.71,98.71,98.66,12.15K,0.0003
2023-04-05,98.67,98.67,98.67,98.65,8.44K,0.0005
2023-04-04,98.62,98.63,98.66,98.62,11.01K,-0.0003
2023-04-03,98.65,98.62,98.65,98.61,18.14K,0.0002
2023-03-31,98.63,98.64,98.64,98.61,5.87K,0.0001
2023-03-30,98.62,98.62,98.62,98.58,19.09K,0.0004
2023-03-29,98.58,98.59,98.61,98.58,19.67K,-0.0003
2023-03-28,98.61,98.59,98.61,98.57,5.16K,0.0003
2023-03-27,98.58,98.59,98.61,98.58,15.01K,0.0
2023-03-24,98.58,98.55,98.59,98.54,19.79K,0.0001
2023-03-23,98.57,98.57,98.57,98.54,1.52K,0.0001
2023-03-22,98.56,98.54,98.59,98.54,8.82K,0.0001
2023-03-21,98.55,98.55,98.55,98.53,16.92K,0.0
2023-03-20,98.55,98.54,98.55,98.52,7.19K,0.0002
2023-03-17,98.53,98.54,98.54,98.51,7.11K,0.0002
2023-03-16,98.51,98.51,98.54,98.47,9.85K,0.0003
2023-03-15,98.48,98.48,98.61,98.47,95.32K,-0.0002
2023-03-14,98.5,98.49,98.5,98.44,10.49K,0.0001
2023-03-13,98.49,98.49,98.51,98.46,10.13K,0.0002
2023-03-10,98.47,98.46,98.48,98.46,7.15K,0.0
2023-03-09,98.47,98.46,98.47,98.43,8.73K,0.0002
2023-03-08,98.45,98.44,98.45,98.43,2.33K,0.0
2023-03-07,98.45,98.45,98.45,98.43,3.31K,0.0004
2023-03-06,98.41,98.41,98.45,98.41,1.48K,0.0001
2023-03-03,98.4,98.42,98.44,98.4,12.72K,-0.0001
2023-03-02,98.41,98.41,98.41,98.4,15.78K,0.0002
2023-03-01,98.39,98.41,98.43,98.39,2.47K,-0.0001
2023-02-28,98.4,98.36,98.4,98.34,1.17K,0.0001
2023-02-27,98.39,98.39,98.4,98.37,3.88K,0.0001
2023-02-24,98.38,98.39,98.39,98.35,3.35K,0.0001
2023-02-23,98.37,98.37,98.37,98.35,6.61K,0.0
2023-02-22,98.37,98.35,98.37,98.33,0.23K,0.0002
2023-02-21,98.35,98.33,98.36,98.32,5.16K,0.0003
2023-02-20,98.32,98.31,98.33,98.3,3.54K,0.0
2023-02-17,98.32,98.32,98.33,98.3,5.09K,0.0
2023-02-16,98.32,98.32,98.32,98.29,3.74K,0.0002
2023-02-15,98.3,98.29,98.31,98.29,0.37K,-0.0001
2023-02-14,98.31,98.29,98.31,98.28,0.74K,0.0004
2023-02-13,98.27,98.28,98.3,98.26,6.93K,0.0005
2023-02-10,98.22,98.29,98.29,98.22,4.30K,-0.0005
2023-02-09,98.27,98.28,98.28,98.24,1.46K,0.0003
2023-02-08,98.24,98.26,98.27,98.24,5.05K,-0.0001
2023-02-07,98.25,98.26,98.26,98.25,2.91K,0.0001
2023-02-06,98.24,98.25,98.26,98.23,3.55K,0.0002
2023-02-03,98.22,98.24,98.25,98.22,2.46K,0.0001
2023-02-02,98.21,98.23,98.23,98.19,3.37K,-0.0001
2023-02-01,98.22,98.22,98.23,98.22,2.02K,0.0002
2023-01-31,98.2,98.22,98.23,98.2,3.11K,-0.0001
2023-01-30,98.21,98.22,98.22,98.19,2.05K,0.0001
2023-01-27,98.2,98.2,98.21,98.18,0.79K,0.0
2023-01-26,98.2,98.19,98.2,98.17,2.27K,0.0001
2023-01-25,98.19,98.2,98.2,98.19,0.62K,0.0001
2023-01-24,98.18,98.18,98.19,98.18,1.18K,0.0001
2023-01-23,98.17,98.15,98.18,98.15,1.64K,0.0002
2023-01-20,98.15,98.17,98.17,98.15,6.88K,-0.0001
2023-01-19,98.16,98.16,98.18,98.16,3.25K,0.0003
2023-01-18,98.13,98.16,98.18,98.13,3.46K,0.0001
2023-01-17,98.12,98.13,98.15,98.12,1.72K,-0.0003
2023-01-16,98.15,98.15,98.15,98.12,5.82K,0.0002
2023-01-13,98.13,98.13,98.13,98.11,5.23K,0.0003
2023-01-12,98.1,98.12,98.14,98.1,5.44K,-0.0003
2023-01-11,98.13,98.1,98.14,98.09,5.19K,0.0004
2023-01-10,98.09,98.11,98.11,98.09,0.02K,-0.0005
2023-01-09,98.14,98.08,98.14,98.08,2.79K,0.0004
2023-01-06,98.1,98.08,98.1,98.08,6.03K,0.0004
2023-01-05,98.06,98.08,98.08,98.06,1.74K,0.0
2023-01-04,98.06,98.08,98.08,98.06,0.10K,0.0001
2023-01-03,98.05,98.07,98.08,98.05,5.11K,-0.0002
2023-01-02,98.07,98.11,98.11,98.04,0.89K,0.0003
2022-12-30,98.04,98.06,98.06,98.04,0.34K,0.0
2022-12-29,98.04,98.09,98.09,98.04,2.35K,-0.0002
2022-12-28,98.06,98.04,98.06,98.04,0.29K,-0.0002
2022-12-27,98.08,98.05,98.08,98.05,0.96K,0.0008
2022-12-23,98.0,98.02,98.05,98.0,1.80K,0.0
2022-12-22,98.0,98.0,98.05,98.0,3.43K,-0.0004
2022-12-21,98.04,98.01,98.04,98.0,8.29K,0.0002
2022-12-20,98.02,98.0,98.02,98.0,1.32K,0.0001
2022-12-19,98.01,97.99,98.01,97.98,3.53K,0.0
2022-12-16,98.01,97.96,98.01,97.96,4.69K,0.0003
2022-12-15,97.98,98.0,98.01,97.98,2.58K,-0.0002
2022-12-14,98.0,97.97,98.0,97.96,6.17K,0.0001
2022-12-13,97.99,97.98,97.99,97.98,2.84K,0.0002
2022-12-12,97.97,97.97,97.98,97.97,0.73K,0.0001
2022-12-09,97.96,97.98,97.98,97.96,1.36K,-0.0001
2022-12-08,97.97,97.96,97.97,97.96,2.00K,0.0002
2022-12-07,97.95,97.94,97.95,97.93,0.06K,-0.0001
2022-12-06,97.96,97.95,97.97,97.95,0.47K,0.0004
2022-12-05,97.92,97.94,97.96,97.92,0.20K,0.0003
2022-12-02,97.89,97.93,97.93,97.89,0.10K,-0.0002
2022-12-01,97.91,97.92,97.92,97.9,3.31K,0.0003
2022-11-30,97.88,97.93,97.94,97.88,1.69K,-0.0137
2022-11-29,99.24,97.93,99.24,97.93,10.41K,0.013500000000000002
2022-11-28,97.92,97.91,97.93,97.91,4.99K,0.0003
2022-11-25,97.89,97.9,97.92,97.89,4.45K,0.0
2022-11-24,97.89,97.9,97.9,97.87,0.28K,-0.0001
2022-11-23,97.9,97.89,97.93,97.85,3.06K,0.0002
2022-11-22,97.88,97.88,97.9,97.88,2.47K,0.0
2022-11-21,97.88,97.88,97.88,97.88,0.18K,0.0001
2022-11-18,97.87,97.87,97.87,97.83,0.01K,0.0003
2022-11-17,97.84,97.85,97.92,97.83,13.77K,-0.0002
2022-11-16,97.86,97.87,97.87,97.84,1.31K,0.0
2022-11-15,97.86,97.87,97.88,97.82,8.34K,0.0001
2022-11-14,97.85,97.85,97.85,97.83,0.01K,0.0001
2022-11-11,97.84,97.86,97.86,97.84,0.18K,-0.0001
2022-11-10,97.85,97.83,97.85,97.82,0.26K,0.0002
2022-11-09,97.83,97.83,97.84,97.79,5.35K,0.0001
2022-11-08,97.82,97.82,97.85,97.81,5.42K,0.0
2022-11-07,97.82,97.82,97.84,97.81,0.59K,0.0001
2022-11-04,97.81,97.81,97.81,97.81,,0.0001
2022-11-03,97.8,97.76,97.85,97.76,2.69K,0.0004
2022-11-02,97.76,97.78,97.79,97.76,2.72K,-0.0003
2022-11-01,97.79,97.81,97.81,97.76,0.29K,-0.0002
2022-10-31,97.81,97.8,97.81,97.8,0.05K,0.0002
2022-10-28,97.79,97.8,97.81,97.78,0.73K,0.0
2022-10-27,97.79,97.79,97.8,97.78,0.75K,-0.0001
2022-10-26,97.8,97.78,97.8,97.77,1.73K,0.0
2022-10-25,97.8,97.79,98.14,97.77,2.11K,0.0002
2022-10-24,97.78,97.79,97.83,97.78,3.06K,0.0001
2022-10-21,97.77,97.76,97.79,97.74,2.45K,0.0001
2022-10-20,97.76,97.76,97.77,97.74,6.74K,0.0
2022-10-19,97.76,97.76,97.76,97.75,2.59K,0.0
2022-10-18,97.76,97.76,97.77,97.76,0.06K,0.0001
2022-10-17,97.75,97.75,97.76,97.73,0.74K,-0.0001
2022-10-14,97.76,97.77,97.77,97.72,5.15K,-0.0001
2022-10-13,97.77,97.76,97.81,97.76,5.26K,0.0001
2022-10-12,97.76,97.75,97.77,97.75,0.78K,-0.0001
2022-10-11,97.77,97.76,97.78,97.71,4.29K,0.0002
2022-10-10,97.75,97.75,97.79,97.75,0.98K,0.0001
2022-10-07,97.74,97.73,97.79,97.72,5.19K,0.0
2022-10-06,97.74,97.74,97.76,97.74,0.11K,0.0002
2022-10-05,97.72,97.76,97.76,97.72,1.06K,-0.0001
2022-10-04,97.73,97.75,97.75,97.7,6.75K,0.0
2022-10-03,97.73,97.77,97.77,97.71,1.70K,-0.0001
2022-09-30,97.74,97.73,97.75,97.71,6.19K,0.0002
2022-09-29,97.72,97.71,97.74,97.7,0.11K,0.0003
2022-09-28,97.69,97.72,97.74,97.66,113.98K,-0.0002
2022-09-27,97.71,97.71,97.74,97.7,0.73K,-0.0002
2022-09-26,97.73,97.73,97.73,97.68,1.87K,0.0003
2022-09-23,97.7,97.7,97.73,97.67,3.33K,0.0
2022-09-22,97.7,97.71,97.73,97.7,0.02K,0.0
2022-09-21,97.7,97.71,97.73,97.69,5.98K,0.0002
2022-09-20,97.68,97.68,97.68,97.68,,-0.0001
2022-09-19,97.69,97.69,97.69,97.68,0.02K,0.0
2022-09-16,97.69,97.68,97.72,97.68,6.10K,0.0
2022-09-15,97.69,97.69,97.69,97.69,,0.0
2022-09-14,97.69,97.69,97.71,97.67,0.06K,-0.0002
2022-09-13,97.71,97.69,97.71,97.67,2.22K,0.0001
2022-09-12,97.7,97.69,97.7,97.67,0.28K,0.0003
2022-09-09,97.67,97.69,97.69,97.67,0.79K,-0.0002
2022-09-08,97.69,97.69,97.69,97.69,,0.0001
2022-09-07,97.68,97.7,97.71,97.68,0.37K,-0.0001
2022-09-06,97.69,97.69,97.71,97.67,0.60K,0.0001
2022-09-05,97.68,97.69,97.71,97.68,3.34K,0.0
2022-09-02,97.68,97.68,97.68,97.65,1.21K,0.0001
2022-09-01,97.67,97.69,97.7,97.67,0.07K,0.0
2022-08-31,97.67,97.68,97.68,97.67,1.13K,-0.0001
2022-08-30,97.68,97.69,97.69,97.67,3.76K,-0.0001
2022-08-29,97.69,97.69,97.7,97.67,0.22K,0.0001
2022-08-26,97.68,97.68,97.7,97.68,1.39K,0.0
2022-08-25,97.68,97.69,97.69,97.67,0.25K,0.0
2022-08-24,97.68,97.68,97.68,97.67,0.20K,0.0
2022-08-23,97.68,97.69,97.71,97.68,0.28K,0.0
2022-08-22,97.68,97.7,97.7,97.68,0.05K,0.0
2022-08-19,97.68,97.68,97.68,97.68,0.01K,0.0
2022-08-17,97.68,97.68,97.71,97.68,0.02K,0.0
2022-08-16,97.68,97.68,97.71,97.68,1.26K,0.0001
2022-08-15,97.67,97.68,97.68,97.67,0.76K,-0.0001
2022-08-12,97.68,97.68,97.75,97.65,0.63K,0.0
2022-08-11,97.68,97.69,97.7,97.66,0.27K,0.0001
2022-08-10,97.67,97.68,99.14,97.67,0.21K,-0.0001
2022-08-09,97.68,97.68,97.7,97.68,0.01K,0.0001
2022-08-08,97.67,97.69,97.7,97.67,0.03K,-0.0001
2022-08-05,97.68,97.68,97.7,97.68,0.04K,0.0
2022-08-04,97.68,97.68,97.75,97.68,3.06K,0.0
2022-08-03,97.68,97.68,97.7,97.68,0.26K,-0.0002
2022-08-02,97.7,97.69,97.7,97.67,1.05K,0.0003
2022-08-01,97.67,97.68,97.7,97.67,6.75K,-0.0002
2022-07-29,97.69,97.68,97.69,97.68,0.95K,0.0001
2022-07-27,97.68,97.68,97.71,97.68,5.94K,0.0
2022-07-26,97.68,97.68,97.69,97.68,0.01K,0.0001
2022-07-25,97.67,97.68,97.69,97.67,0.27K,-0.0001
2022-07-22,97.68,97.67,97.68,97.67,2.18K,-0.0001
2022-07-21,97.69,97.69,97.69,97.68,0.01K,0.0
2022-07-20,97.69,97.69,97.7,97.69,5.92K,0.0
2022-07-19,97.69,97.69,97.71,97.68,4.48K,0.0
2022-07-18,97.69,97.69,97.72,97.69,0.21K,-0.0002
2022-07-15,97.71,97.69,97.71,97.69,0.00K,0.0001
2022-07-14,97.7,97.71,97.72,97.68,6.48K,-0.0002
2022-07-13,97.72,97.7,97.72,97.7,1.47K,0.0
2022-07-12,97.72,97.7,97.72,97.7,0.02K,0.0001
2022-07-11,97.71,97.7,97.72,97.7,3.23K,0.0001
2022-07-08,97.7,97.71,97.72,97.7,0.59K,-0.0001
2022-07-07,97.71,97.76,97.76,97.7,29.00K,0.0
2022-07-06,97.71,97.71,97.72,97.71,0.10K,0.0
2022-07-05,97.71,97.71,97.73,97.7,0.34K,0.0
2022-07-04,97.71,97.71,97.71,97.7,1.03K,0.0001
2022-07-01,97.7,97.71,97.73,97.7,3.90K,-0.0004
2022-06-30,97.74,97.72,97.74,97.7,4.43K,0.0002
2022-06-29,97.72,97.72,97.74,97.71,1.71K,0.0001
2022-06-28,97.71,97.72,97.73,97.7,8.83K,-0.0003
2022-06-27,97.74,97.72,97.74,97.72,1.80K,0.0002
2022-06-24,97.72,97.72,97.74,97.7,0.98K,0.0
2022-06-23,97.72,97.72,97.74,97.71,0.03K,-0.0003
2022-06-21,97.75,97.72,97.75,97.71,2.77K,0.0002
2022-06-20,97.73,97.73,97.74,97.72,0.29K,0.0
2022-06-17,97.73,97.73,97.74,97.73,9.07K,-0.0002
2022-06-16,97.75,97.73,97.75,97.73,1.59K,0.0002
2022-06-15,97.73,97.73,97.75,97.73,0.79K,0.0
2022-06-14,97.73,97.74,97.75,97.73,0.01K,-0.0002
2022-06-13,97.75,97.73,97.75,97.73,2.16K,-0.0001
2022-06-10,97.76,97.73,97.76,97.71,5.31K,0.0001
2022-06-09,97.75,97.75,97.76,97.75,2.71K,0.0002
2022-06-08,97.73,97.75,97.75,97.73,1.11K,0.0
2022-06-07,97.73,97.74,97.76,97.73,2.53K,-0.0001
2022-06-06,97.74,97.74,97.76,97.74,9.62K,0.0
2022-06-03,97.74,97.75,97.76,97.74,0.11K,-0.0001
2022-06-02,97.75,97.75,97.76,97.75,0.05K,-0.0002
2022-06-01,97.77,98.1,98.1,97.74,0.62K,0.0003
2022-05-31,97.74,97.75,97.77,97.74,0.17K,-0.0001
2022-05-30,97.75,97.75,97.77,97.75,0.55K,0.0
2022-05-27,97.75,97.76,97.77,97.74,2.55K,0.0
2022-05-26,97.75,97.76,97.78,97.75,0.20K,0.0
2022-05-25,97.75,97.76,97.77,97.75,0.35K,0.0
2022-05-24,97.75,97.76,97.78,97.75,1.95K,0.0
2022-05-23,97.75,97.78,97.78,97.75,1.42K,-0.0002
2022-05-20,97.77,97.76,97.77,97.76,0.03K,0.0001
2022-05-19,97.76,97.78,97.78,97.74,2.33K,0.0
2022-05-18,97.76,97.76,97.78,97.75,7.94K,0.0
2022-05-17,97.76,97.76,97.78,97.74,5.42K,-0.0002
2022-05-16,97.78,97.77,97.78,97.75,1.26K,0.0002
2022-05-13,97.76,97.77,97.78,97.76,3.87K,-0.0001
2022-05-12,97.77,97.77,97.79,97.75,2.77K,-0.0003
2022-05-11,97.8,97.78,97.8,97.76,2.50K,0.0002
2022-05-10,97.78,97.8,97.81,97.78,0.26K,0.0001
2022-05-09,97.77,97.83,97.83,97.74,7.32K,-0.0001
2022-05-06,97.78,97.78,97.78,97.76,0.43K,0.0
2022-05-05,97.78,97.76,97.8,97.76,0.15K,-0.0002
2022-05-04,97.8,97.78,97.8,97.77,1.79K,0.0
2022-05-03,97.8,97.8,97.8,97.8,,0.0003
2022-05-02,97.77,97.82,97.82,97.77,3.18K,-0.0004
2022-04-29,97.81,97.82,97.82,97.8,0.24K,0.0002
2022-04-28,97.79,97.79,97.81,97.77,0.45K,0.0
2022-04-27,97.79,97.79,97.81,97.78,0.99K,-0.0002
2022-04-26,97.81,97.81,97.81,97.81,,0.0003
2022-04-25,97.78,97.79,97.81,97.78,0.71K,0.0
2022-04-22,97.78,97.79,97.81,97.78,0.35K,-0.0002
2022-04-21,97.8,97.8,97.81,97.79,0.10K,0.0
2022-04-20,97.8,97.8,97.82,97.78,30.44K,0.0
2022-04-19,97.8,97.77,97.81,97.77,0.58K,-0.0001
2022-04-14,97.81,97.8,97.83,97.8,0.15K,0.0001
2022-04-13,97.8,97.81,97.81,97.8,1.00K,-0.0003
2022-04-12,97.83,97.81,97.83,97.79,2.08K,0.0001
2022-04-11,97.82,97.8,97.82,97.8,5.15K,0.0001
2022-04-08,97.81,97.81,97.83,97.81,0.15K,0.0
2022-04-07,97.81,97.81,97.83,97.81,0.37K,0.0
2022-04-06,97.81,97.81,97.83,97.81,3.09K,0.0
2022-04-05,97.81,97.81,97.83,97.81,0.25K,-0.0002
2022-04-04,97.83,97.81,97.84,97.81,11.42K,0.0002
2022-04-01,97.81,97.82,97.83,97.81,0.27K,-0.0003
2022-03-31,97.84,97.82,97.84,97.81,0.30K,0.0002
2022-03-30,97.82,97.82,97.85,97.82,0.03K,0.0
2022-03-29,97.82,97.82,97.85,97.82,0.11K,0.0
2022-03-28,97.82,97.81,97.83,97.81,1.36K,0.0
2022-03-25,97.82,97.82,97.84,97.82,0.27K,-0.0001
2022-03-24,97.83,97.83,97.84,97.83,0.16K,0.0001
2022-03-23,97.82,97.83,97.85,97.82,3.68K,-0.0001
2022-03-21,97.83,97.76,97.85,97.76,0.32K,0.0
2022-03-18,97.83,97.83,97.83,97.83,,0.0001
2022-03-17,97.82,97.83,97.83,97.81,16.46K,-0.0001
2022-03-16,97.83,97.83,97.86,97.83,0.22K,-0.0001
2022-03-15,97.84,97.83,97.86,97.83,0.03K,0.0001
2022-03-14,97.83,97.82,97.84,97.82,1.13K,0.0
2022-03-11,97.83,97.82,97.83,97.82,0.84K,-0.0003
2022-03-10,97.86,97.84,97.88,97.84,0.32K,-0.0002
2022-03-09,97.88,97.85,97.88,97.81,7.09K,0.0004
2022-03-08,97.84,97.85,97.85,97.84,23.38K,-0.0003
2022-03-07,97.87,97.86,97.87,97.86,2.08K,-0.0001
2022-03-04,97.88,97.85,97.88,97.85,2.55K,0.0
2022-03-03,97.88,97.85,97.88,97.85,2.89K,0.0002
2022-03-02,97.86,97.85,97.87,97.85,0.03K,-0.0002
2022-03-01,97.88,97.87,97.88,97.83,1.04K,0.0001
2022-02-28,97.87,97.85,97.88,97.85,3.55K,0.0003
2022-02-25,97.84,97.85,97.89,97.84,1.60K,-0.0001
2022-02-24,97.85,97.89,97.89,97.84,4.40K,-0.0002
2022-02-23,97.87,97.86,97.88,97.86,0.16K,0.0001
2022-02-22,97.86,97.87,97.87,97.8,12.00K,0.0
2022-02-21,97.86,97.87,97.88,97.85,7.13K,0.0
2022-02-18,97.86,97.86,97.88,97.86,0.19K,-0.0001
2022-02-17,97.87,97.87,97.88,97.87,3.90K,0.0
2022-02-15,97.87,97.87,97.87,97.86,10.08K,0.0
2022-02-14,97.87,97.88,97.89,97.87,0.12K,-0.0001
2022-02-11,97.88,97.89,97.9,97.86,19.19K,-0.0002
2022-02-10,97.9,97.88,97.9,97.88,6.36K,0.0
2022-02-09,97.9,97.88,97.9,97.88,0.27K,0.0002
2022-02-08,97.88,97.88,97.9,97.87,1.19K,0.0001
2022-02-07,97.87,97.9,97.9,97.87,0.55K,-0.0004
2022-02-04,97.91,97.89,97.91,97.87,17.66K,0.0004
2022-02-03,97.87,97.89,97.9,97.87,0.19K,-0.0003
2022-02-02,97.9,97.94,97.94,97.9,3.28K,0.0
2022-02-01,97.9,97.91,97.91,97.9,0.35K,0.0
2022-01-31,97.9,97.88,98.0,97.88,1.18K,0.0001
2022-01-28,97.89,97.88,97.9,97.81,3.11K,0.0
2022-01-27,97.89,97.9,97.99,97.89,0.08K,-0.0002
2022-01-25,97.91,97.91,97.91,97.91,3.08K,0.0003
2022-01-24,97.88,97.9,97.99,97.88,0.20K,-0.0002
2022-01-21,97.9,97.89,97.92,97.89,2.50K,-0.0001
2022-01-20,97.91,97.91,97.91,97.9,1.38K,-0.0001
2022-01-18,97.92,97.91,97.92,97.91,0.20K,0.0
2022-01-17,97.92,97.9,97.92,97.9,0.14K,0.0
2022-01-14,97.92,97.91,97.92,97.91,,0.0002
2022-01-13,97.9,97.91,97.93,97.9,0.07K,-0.0003
2022-01-12,97.93,97.91,97.93,97.91,0.03K,0.0002
2022-01-11,97.91,97.91,97.93,97.9,10.72K,0.0
2022-01-10,97.91,97.9,97.91,97.9,0.01K,-0.0001
2022-01-07,97.92,97.91,97.92,97.91,,0.0001
2022-01-06,97.91,97.94,97.94,97.91,0.40K,-0.0001
2022-01-05,97.92,97.92,97.94,97.92,0.03K,0.0
2022-01-04,97.92,97.91,97.94,97.91,0.93K,0.0001
2022-01-03,97.91,97.92,97.94,97.91,3.19K,-0.0004
2021-12-31,97.95,97.9,97.95,97.9,0.09K,0.0
2021-12-30,97.95,97.92,97.99,97.92,21.04K,0.0003
2021-12-29,97.92,97.95,97.95,97.92,16.83K,-0.0002
2021-12-28,97.94,97.93,97.94,97.92,0.73K,0.0
2021-12-27,97.94,97.8,97.99,97.8,19.59K,-0.0001
2021-12-24,97.95,97.95,97.95,97.95,,0.0002
2021-12-23,97.93,97.95,97.95,97.93,0.34K,-0.0001
2021-12-22,97.94,97.95,97.95,97.94,,0.0
2021-12-21,97.94,97.94,97.95,97.93,0.07K,0.0
2021-12-20,97.94,97.95,97.95,97.94,0.06K,0.0
2021-12-17,97.94,97.94,97.96,97.94,0.11K,0.0001
2021-12-16,97.93,97.94,97.95,97.92,0.51K,-0.0001
2021-12-15,97.94,97.95,97.95,97.93,4.62K,0.0
2021-12-14,97.94,97.94,97.94,97.94,0.30K,-0.0001
2021-12-13,97.95,97.94,97.96,97.94,0.80K,-0.0001
2021-12-10,97.96,97.95,97.96,97.9,0.68K,0.0001
2021-12-09,97.95,97.95,97.96,97.95,0.24K,0.0
2021-12-08,97.95,97.95,97.95,97.94,0.97K,0.0
2021-12-07,97.95,97.95,97.96,97.94,1.40K,0.0
2021-12-06,97.95,97.95,97.97,97.95,0.41K,-0.0001
2021-12-03,97.96,97.95,97.96,97.95,0.32K,0.0
2021-12-02,97.96,97.97,97.97,97.95,4.63K,0.0
2021-12-01,97.96,97.96,97.97,97.95,5.53K,0.0002
2021-11-30,97.94,97.95,97.97,97.94,1.78K,-0.0003
2021-11-29,97.97,97.99,97.99,97.95,1.24K,0.0
2021-11-26,97.97,97.95,97.99,97.95,0.45K,0.0001
2021-11-25,97.96,97.95,97.98,97.95,0.29K,-0.0001
2021-11-24,97.97,97.97,97.99,97.97,0.04K,0.0
2021-11-23,97.97,97.97,97.98,97.96,3.67K,-0.0002
2021-11-22,97.99,97.97,97.99,97.97,0.77K,0.0003
2021-11-19,97.96,97.97,97.99,97.96,0.08K,-0.0001
2021-11-18,97.97,97.97,97.98,97.96,0.40K,-0.0001
2021-11-17,97.98,97.98,97.98,97.96,1.03K,0.0
2021-11-16,97.98,97.98,97.99,97.98,0.03K,-0.0001
2021-11-15,97.99,97.97,97.99,97.97,1.63K,0.0001
2021-11-12,97.98,97.96,97.98,97.96,,0.0
2021-11-11,97.98,97.98,97.98,97.98,,-0.0001
2021-11-10,97.99,97.98,97.99,97.97,8.92K,0.0001
2021-11-09,97.98,97.98,97.99,97.98,0.11K,-0.0001
2021-11-08,97.99,97.99,97.99,97.99,0.95K,0.0001
2021-11-05,97.98,97.99,98.0,97.97,1.30K,-0.0001
2021-11-04,97.99,97.99,98.0,97.99,0.47K,-0.0001
2021-11-03,98.0,97.99,98.09,97.98,0.23K,0.0001
2021-11-02,97.99,97.99,98.0,97.99,2.35K,0.0
2021-11-01,97.99,97.98,98.01,97.98,0.31K,-0.0001
2021-10-29,98.0,97.99,98.02,97.99,0.54K,0.0
2021-10-28,98.0,98.0,98.09,97.98,0.07K,0.0
2021-10-27,98.0,97.99,98.01,97.99,0.14K,0.0
2021-10-26,98.0,98.0,98.01,98.0,0.60K,0.0
2021-10-25,98.0,98.0,98.01,98.0,1.27K,0.0
2021-10-22,98.0,98.0,98.01,97.99,0.48K,-0.0001
2021-10-21,98.01,98.01,98.02,97.99,0.09K,0.0
2021-10-19,98.01,98.01,98.02,98.0,0.46K,0.0
2021-10-18,98.01,98.01,98.03,98.01,1.25K,0.0
2021-10-15,98.01,98.03,98.09,98.01,0.13K,-0.0001
2021-10-14,98.02,98.02,98.03,98.02,0.07K,-0.0001
2021-10-13,98.03,98.02,98.03,98.01,0.16K,0.0
2021-10-12,98.03,98.02,98.03,98.02,0.04K,0.0001
2021-10-11,98.02,98.04,98.04,98.02,0.14K,0.0
2021-10-08,98.02,98.04,98.04,98.0,1.76K,0.0
2021-10-06,98.02,98.03,98.04,98.02,0.08K,0.0
2021-10-05,98.02,98.01,98.05,98.01,0.25K,0.0
2021-10-04,98.02,98.05,98.05,98.02,1.17K,-0.0001
2021-10-01,98.03,98.03,98.04,98.03,0.08K,-0.0001
2021-09-30,98.04,98.03,98.04,98.03,8.93K,0.0001
2021-09-29,98.03,98.04,98.05,98.03,0.07K,-0.0001
2021-09-28,98.04,98.09,98.09,98.04,0.03K,0.0001
2021-09-27,98.03,98.09,98.09,98.03,0.40K,-0.0001
2021-09-24,98.04,98.04,98.05,98.04,0.10K,-0.0002
2021-09-23,98.06,98.04,98.06,98.04,10.58K,0.0002
2021-09-22,98.04,98.04,98.06,98.04,2.45K,-0.0001
2021-09-21,98.05,98.05,98.05,98.02,5.74K,0.0
2021-09-20,98.05,98.05,98.05,98.05,,-0.0001
2021-09-17,98.06,98.05,98.06,98.04,5.76K,0.0002
2021-09-16,98.04,98.05,98.06,98.04,11.76K,-0.0002
2021-09-15,98.06,98.05,98.07,98.05,0.82K,0.0
2021-09-14,98.06,98.06,98.06,98.05,2.00K,0.0
2021-09-13,98.06,98.06,98.06,98.06,,0.0
2021-09-10,98.06,98.06,98.07,98.06,0.05K,0.0
2021-09-09,98.06,98.05,98.08,98.05,0.04K,-0.0001
2021-09-08,98.07,98.06,98.08,98.06,6.39K,0.0001
2021-09-07,98.06,98.05,98.08,98.05,1.00K,0.0
2021-09-06,98.06,98.05,98.09,98.05,0.52K,-0.0001
2021-09-03,98.07,98.07,98.07,98.07,,0.0
2021-09-02,98.07,98.07,98.07,98.07,,0.0
2021-09-01,98.07,98.05,98.09,98.05,0.10K,0.0
2021-08-31,98.07,98.05,98.09,98.05,3.63K,0.0
2021-08-30,98.07,98.07,98.07,98.07,0.23K,-0.0001
2021-08-27,98.08,98.08,98.08,98.07,0.10K,0.0
2021-08-26,98.08,98.08,98.09,98.08,0.08K,0.0
2021-08-25,98.08,98.08,98.08,98.08,0.36K,0.0
2021-08-23,98.08,98.08,98.1,98.08,1.89K,0.0001
2021-08-20,98.07,98.08,98.09,98.07,2.65K,-0.0002
2021-08-19,98.09,98.08,98.1,98.08,0.02K,0.0
2021-08-17,98.09,98.09,98.09,98.08,0.04K,0.0
2021-08-16,98.09,98.09,98.09,98.09,,0.0001
2021-08-13,98.08,98.09,98.09,98.08,2.85K,-0.0002
2021-08-12,98.1,98.09,98.1,98.08,2.74K,0.0
2021-08-11,98.1,98.1,98.11,98.09,0.19K,0.0
2021-08-10,98.1,98.1,98.1,98.1,1.50K,0.0
2021-08-09,98.1,98.1,98.1,98.1,0.10K,0.0
2021-08-06,98.1,98.1,98.12,98.1,0.02K,-0.0001
2021-08-05,98.11,98.12,98.12,98.1,1.02K,0.0
2021-08-03,98.11,98.11,98.13,98.11,0.04K,0.0
2021-08-02,98.11,98.15,98.15,98.11,,0.0
2021-07-30,98.11,98.11,98.13,98.1,5.91K,0.0
2021-07-29,98.11,98.12,98.13,98.11,0.53K,-0.0001
2021-07-28,98.12,98.12,98.15,98.12,0.23K,0.0
2021-07-27,98.12,98.12,98.14,98.11,0.28K,0.0
2021-07-26,98.12,98.12,98.15,98.12,0.11K,0.0
2021-07-23,98.12,98.15,98.15,98.12,,-0.0001
2021-07-22,98.13,98.13,98.13,98.1,0.26K,0.0001
2021-07-21,98.12,98.15,98.15,98.11,0.77K,-0.0001
2021-07-20,98.13,98.15,98.15,98.12,1.27K,-0.0001
2021-07-19,98.14,98.13,98.14,98.13,0.03K,0.0001
2021-07-16,98.13,98.13,98.15,98.13,0.08K,0.0
2021-07-15,98.13,98.14,98.15,98.12,1.40K,-0.0001
2021-07-14,98.14,98.14,98.15,98.11,0.19K,0.0003
2021-07-13,98.11,98.14,98.19,98.11,0.20K,-0.0003
2021-07-12,98.14,98.15,98.16,98.14,1.07K,0.0
2021-07-09,98.14,98.15,98.19,98.14,1.15K,0.0
2021-07-08,98.14,98.14,98.16,98.13,1.11K,-0.0001
2021-07-07,98.15,98.15,98.15,98.1,7.42K,0.0
2021-07-06,98.15,98.15,98.17,98.15,0.32K,0.0
2021-07-05,98.15,98.15,98.15,98.15,,0.0
2021-07-02,98.15,98.15,98.15,98.11,6.95K,0.0
2021-07-01,98.15,98.15,98.17,98.15,0.17K,-0.0002
2021-06-30,98.17,98.16,98.17,98.16,0.31K,0.0001
2021-06-28,98.16,98.29,98.29,98.16,0.43K,-0.9
2021-06-25,981.6,981.6,981.7,981.5,0.04K,0.0
2021-06-24,981.6,981.5,981.7,981.5,0.10K,0.0
2021-06-22,981.6,981.6,981.7,981.6,0.03K,-0.0001
2021-06-21,981.7,981.6,981.8,981.5,0.10K,0.0
2021-06-18,981.7,981.7,981.8,981.6,0.02K,0.0001
2021-06-17,981.6,981.7,981.7,981.6,1.11K,-0.0001
2021-06-16,981.7,981.7,981.8,981.6,0.96K,0.0
2021-06-15,981.7,981.7,981.7,981.7,0.01K,0.0
2021-06-14,981.7,981.7,981.8,981.7,0.10K,-0.0001
2021-06-11,981.8,981.8,981.8,981.7,0.13K,0.0
2021-06-10,981.8,981.8,981.9,981.7,0.25K,0.0
2021-06-09,981.8,981.9,981.9,981.7,2.61K,0.0
2021-06-08,981.8,981.8,981.9,981.8,0.00K,0.0
2021-06-07,981.8,981.8,981.9,981.8,0.08K,-0.0001
2021-06-04,981.9,981.9,982.0,981.7,1.50K,0.0001
2021-06-03,981.8,981.9,981.9,981.8,0.02K,-0.0001
2021-06-02,981.9,981.9,981.9,981.8,0.06K,0.0001
2021-06-01,981.8,981.9,982.0,981.8,2.01K,-0.0002
2021-05-31,982.0,981.9,982.0,981.9,1.31K,0.0
2021-05-28,982.0,982.0,982.0,981.7,3.21K,0.0
2021-05-27,982.0,982.0,982.0,981.9,0.15K,0.0
2021-05-25,982.0,982.0,982.0,981.9,0.41K,-0.0001
2021-05-24,982.1,982.0,982.2,982.0,0.50K,0.0
2021-05-21,982.1,982.1,982.2,982.1,0.04K,0.0
2021-05-20,982.1,982.1,982.2,982.1,0.11K,0.0
2021-05-18,982.1,982.1,982.2,982.0,1.13K,-0.0001
2021-05-17,982.2,982.1,982.2,982.1,3.04K,0.0001
2021-05-14,982.1,982.1,982.3,982.1,0.80K,0.0
2021-05-13,982.1,982.2,982.3,982.1,0.01K,-0.0001
2021-05-12,982.2,982.2,982.3,982.2,0.00K,0.0
2021-05-11,982.2,982.2,982.4,982.0,1.08K,0.0
2021-05-10,982.2,982.2,982.4,982.1,0.13K,-0.0001
2021-05-07,982.3,982.3,982.3,982.1,0.70K,-0.0001
2021-05-06,982.4,982.3,982.4,982.3,0.01K,0.0001
2021-05-05,982.3,982.3,982.3,982.3,,0.0
2021-05-04,982.3,982.3,982.4,982.2,2.25K,0.0
2021-05-03,982.3,982.3,982.4,982.2,0.08K,0.0001
2021-04-30,982.2,982.3,982.3,982.2,4.01K,-0.0001
2021-04-29,982.3,982.3,982.4,982.3,1.34K,-0.0001
2021-04-28,982.4,982.3,982.4,982.2,2.00K,0.0001
2021-04-27,982.3,982.3,982.4,982.3,0.00K,0.0
2021-04-26,982.3,982.4,982.4,982.3,0.13K,0.0
2021-04-23,982.3,982.3,982.4,982.3,0.09K,-0.0001
2021-04-22,982.4,982.4,982.5,982.4,0.02K,0.0
2021-04-21,982.4,982.4,982.5,982.4,0.07K,-0.0001
2021-04-19,982.5,982.5,982.5,982.5,0.08K,0.0001
2021-04-16,982.4,982.5,982.5,982.4,,-0.0001
2021-04-15,982.5,982.5,982.6,982.5,1.42K,0.0
2021-04-14,982.5,982.5,982.5,982.5,0.26K,0.0
2021-04-13,982.5,982.5,982.6,982.5,1.62K,-0.0001
2021-04-12,982.6,982.6,982.6,982.5,0.45K,0.0001
2021-04-09,982.5,982.5,982.6,982.5,0.53K,-0.0001
2021-04-08,982.6,982.6,982.7,982.6,1.02K,0.0
2021-04-07,982.6,982.6,982.6,982.4,4.56K,0.0
2021-04-06,982.6,982.6,982.7,979.0,1.11K,0.0
2021-04-01,982.6,982.5,982.7,982.5,1.49K,-0.0003
2021-03-31,982.9,982.8,982.9,982.7,0.10K,0.0002
2021-03-29,982.7,982.8,982.9,982.7,0.41K,0.0
2021-03-26,982.7,982.8,982.8,982.7,0.12K,0.0
2021-03-25,982.7,982.8,982.8,982.7,0.01K,-0.0001
2021-03-23,982.8,982.8,982.9,982.6,5.13K,-0.0001
2021-03-22,982.9,982.9,982.9,982.9,0.06K,0.0001
2021-03-19,982.8,982.9,982.9,982.8,,0.0
2021-03-18,982.8,982.9,982.9,982.8,0.12K,0.0
2021-03-17,982.8,982.7,982.9,982.7,0.05K,-0.0001
2021-03-16,982.9,982.9,983.0,982.9,0.15K,0.0
2021-03-15,982.9,982.8,982.9,982.8,0.27K,0.0
2021-03-12,982.9,982.9,983.0,982.9,1.03K,0.0
2021-03-11,982.9,983.0,983.0,982.9,0.02K,-0.0001
2021-03-10,983.0,982.9,983.0,982.9,1.03K,0.0
2021-03-08,983.0,983.0,983.1,983.0,0.09K,0.0
2021-03-05,983.0,983.0,983.1,983.0,0.16K,0.0
2021-03-04,983.0,983.1,983.1,983.0,0.94K,0.0
2021-03-03,983.0,983.0,983.1,983.0,5.90K,-0.0001
2021-03-02,983.1,983.0,983.2,983.0,1.03K,0.0001
2021-03-01,983.0,983.0,983.1,983.0,0.05K,-0.0002
2021-02-26,983.2,982.9,983.2,982.9,0.37K,0.0001
2021-02-24,983.1,983.1,983.2,983.1,0.00K,0.0002
2021-02-23,982.9,983.1,983.2,982.9,22.40K,-0.0002
2021-02-22,983.1,983.2,983.2,983.1,0.00K,0.0
2021-02-19,983.1,983.2,983.2,983.1,0.05K,-0.0002
2021-02-18,983.3,983.3,983.4,983.2,0.00K,-0.0001
2021-02-17,983.4,983.3,983.4,983.3,0.57K,0.0001
2021-02-16,983.3,983.2,983.3,983.2,1.42K,-0.0001
2021-02-15,983.4,983.3,983.4,983.2,0.36K,0.0001
2021-02-12,983.3,983.3,983.4,983.2,0.10K,0.0
2021-02-11,983.3,982.0,983.4,982.0,10.11K,0.0
2021-02-10,983.3,983.4,983.4,983.3,0.05K,-0.0001
2021-02-08,983.4,983.3,983.4,983.3,0.94K,0.0001
2021-02-05,983.3,983.3,983.3,983.3,0.09K,-0.0001
2021-02-04,983.4,983.5,983.5,983.4,1.21K,0.0
2021-02-02,983.4,983.4,983.4,983.4,6.00K,-0.0001
2021-02-01,983.5,983.5,983.5,983.5,0.05K,0.0001
2021-01-29,983.4,983.4,983.5,983.4,0.60K,0.0
2021-01-28,983.4,983.5,983.5,983.4,1.01K,-0.0001
2021-01-27,983.5,983.5,983.6,983.5,0.97K,0.0
2021-01-26,983.5,983.5,983.5,983.5,1.00K,0.0
2021-01-25,983.5,983.5,983.6,983.5,2.26K,0.0
2021-01-22,983.5,983.5,983.6,983.5,0.85K,-0.0001
2021-01-21,983.6,983.5,983.6,983.5,1.76K,0.0
2021-01-20,983.6,983.6,983.6,983.6,,0.0
2021-01-19,983.6,983.6,983.6,983.6,,-0.0001
2021-01-18,983.7,983.7,983.7,983.7,0.09K,0.0001
2021-01-15,983.6,983.6,983.7,983.6,0.47K,0.0
2021-01-14,983.6,983.6,983.7,983.6,0.41K,-0.0001
2021-01-13,983.7,983.6,983.7,983.6,1.20K,0.0001
2021-01-12,983.6,983.6,983.6,983.6,1.01K,-0.0001
2021-01-11,983.7,983.6,983.7,983.6,1.35K,0.0
2021-01-08,983.7,983.7,983.7,983.7,0.43K,-0.0001
2021-01-07,983.8,983.8,983.8,983.7,0.01K,0.0
2021-01-06,983.8,983.7,983.8,983.7,0.37K,0.0001
2021-01-04,983.7,983.5,983.9,983.5,1.04K,0.0
2020-12-31,983.7,983.7,983.7,983.7,,0.0
2020-12-30,983.7,983.6,983.7,983.5,0.31K,-0.0001
2020-12-29,983.8,983.8,983.9,983.8,0.58K,-0.0001
2020-12-28,983.9,983.9,984.0,983.7,0.25K,0.0001
2020-12-24,983.8,983.9,983.9,983.8,0.04K,-0.0001
2020-12-23,983.9,984.0,984.0,983.9,0.15K,-0.0001
2020-12-22,984.0,984.0,984.0,983.9,1.97K,0.0001
2020-12-21,983.9,983.9,983.9,983.9,2.46K,0.0
2020-12-18,983.9,983.9,984.0,983.9,1.06K,0.0
2020-12-16,983.9,984.0,984.0,983.9,0.52K,-0.0001
2020-12-15,984.0,983.0,984.0,983.0,1.07K,-0.0001
2020-12-14,984.1,984.0,984.1,984.0,5.64K,0.0001
2020-12-11,984.0,984.0,984.1,984.0,1.20K,0.0
2020-12-10,984.0,984.1,984.1,984.0,0.34K,-0.0001
2020-12-09,984.1,984.1,984.1,984.1,1.01K,0.0001
2020-12-08,984.0,984.0,984.0,984.0,0.03K,-0.0001
2020-12-07,984.1,984.1,984.1,984.1,0.28K,0.0
2020-12-04,984.1,984.1,984.1,984.1,0.00K,0.0
2020-12-03,984.1,984.1,984.2,984.1,1.19K,0.0
2020-12-02,984.1,984.3,984.3,984.0,3.10K,-0.0001
2020-12-01,984.2,984.2,984.3,984.2,0.01K,0.0
2020-11-30,984.2,984.1,984.2,984.1,0.02K,-0.0001
2020-11-27,984.3,984.3,984.4,984.2,0.56K,0.0
2020-11-26,984.3,984.2,984.3,984.2,0.60K,0.0001
2020-11-25,984.2,984.3,984.4,984.2,0.36K,0.0
2020-11-24,984.2,984.3,984.3,984.2,0.93K,-0.0001
2020-11-23,984.3,984.2,984.3,984.2,0.03K,0.0
2020-11-20,984.3,984.3,984.3,984.2,0.25K,0.0
2020-11-19,984.3,984.3,984.4,984.3,2.13K,0.0
2020-11-18,984.3,984.3,984.4,984.3,2.43K,-0.0001
2020-11-17,984.4,984.4,984.4,984.3,3.16K,0.0001
2020-11-16,984.3,984.4,984.4,984.3,0.19K,-0.0002
2020-11-13,984.5,984.4,984.5,984.4,5.73K,0.0001
2020-11-12,984.4,984.4,984.5,984.4,2.00K,0.0
2020-11-11,984.4,984.4,984.4,984.2,1.82K,-0.0002
2020-11-10,984.6,984.5,984.6,984.5,0.68K,0.0001
2020-11-09,984.5,984.5,984.5,984.5,,0.0001
2020-11-06,984.4,984.4,984.5,984.4,1.71K,-0.0001
2020-11-05,984.5,984.5,984.5,984.5,2.33K,0.0001
2020-11-04,984.4,984.5,984.6,984.4,1.07K,-0.0001
2020-11-03,984.5,984.5,984.7,984.5,4.67K,0.0
2020-11-02,984.5,984.5,984.5,984.5,0.83K,0.0
2020-10-30,984.5,984.5,984.5,984.5,0.02K,0.0
2020-10-29,984.5,984.6,984.6,984.5,2.06K,0.0
2020-10-28,984.5,984.5,984.5,984.5,0.50K,-0.0002
2020-10-26,984.7,984.6,984.7,984.6,0.17K,0.0001
2020-10-23,984.6,984.6,984.7,984.6,1.15K,0.0
2020-10-22,984.6,984.6,984.6,984.6,1.01K,-0.0001
2020-10-21,984.7,984.7,984.7,984.7,0.01K,0.0
2020-10-20,984.7,984.6,984.7,984.6,0.30K,0.0
2020-10-19,984.7,984.7,984.7,984.7,,0.0
2020-10-16,984.7,984.7,984.9,984.7,0.12K,0.0
2020-10-15,984.7,984.8,984.9,984.7,0.98K,0.0
2020-10-14,984.7,984.8,985.0,984.7,2.31K,-0.0002
2020-10-13,984.9,984.8,984.9,984.8,3.02K,0.0001
2020-10-12,984.8,984.8,984.9,984.8,1.25K,0.0
2020-10-09,984.8,984.8,984.9,984.8,0.43K,0.0
2020-10-08,984.8,984.8,984.9,984.8,0.82K,0.0
2020-10-07,984.8,984.9,984.9,984.8,0.01K,0.0
2020-10-06,984.8,984.8,984.9,984.8,0.12K,-0.0002
2020-10-05,985.0,984.9,985.0,984.9,0.97K,0.0001
2020-10-02,984.9,984.9,984.9,984.8,0.11K,0.0
2020-10-01,984.9,985.0,985.0,984.9,0.43K,0.0
2020-09-30,984.9,985.0,985.0,984.9,0.09K,0.0
2020-09-29,984.9,985.0,985.0,984.9,0.05K,-0.0001
2020-09-28,985.0,984.9,985.0,984.9,0.11K,0.0
2020-09-25,985.0,985.0,985.1,985.0,2.08K,0.0
2020-09-24,985.0,985.0,985.1,985.0,0.13K,0.0
2020-09-23,985.0,985.1,985.1,985.0,1.50K,-0.0001
2020-09-22,985.1,985.1,985.1,985.0,1.91K,0.0001
2020-09-21,985.0,985.1,985.1,985.0,0.06K,-0.0001
2020-09-18,985.1,985.1,985.1,985.1,0.07K,0.0
2020-09-17,985.1,985.1,985.1,985.1,3.18K,0.0
2020-09-16,985.1,985.2,985.2,985.1,0.80K,0.0
2020-09-15,985.1,985.2,985.2,985.1,4.20K,-0.0001
2020-09-14,985.2,985.1,985.2,985.1,0.12K,0.0001
2020-09-11,985.1,985.2,985.2,985.1,0.03K,-0.0001
2020-09-10,985.2,985.2,985.2,985.2,,0.0
2020-09-09,985.2,985.2,985.2,985.2,1.93K,-0.0001
2020-09-08,985.3,985.2,985.3,985.2,,0.0001
2020-09-07,985.2,985.3,985.3,985.2,3.02K,0.0
2020-09-04,985.2,985.3,985.3,985.2,0.02K,-0.0002
2020-09-03,985.4,985.3,985.4,985.3,0.29K,0.0001
2020-09-02,985.3,985.3,985.3,985.3,0.01K,0.0
2020-09-01,985.3,985.3,985.3,985.3,1.40K,0.0
2020-08-31,985.3,985.3,985.3,985.3,0.03K,0.0
2020-08-28,985.3,985.3,985.4,985.3,0.05K,-0.0001
2020-08-27,985.4,985.3,985.5,985.3,0.21K,0.0
2020-08-26,985.4,985.4,985.4,985.4,0.38K,0.0
2020-08-25,985.4,985.4,985.4,985.4,,0.0
2020-08-24,985.4,985.3,985.5,985.3,0.14K,0.0
2020-08-21,985.4,985.4,985.4,985.4,0.28K,0.0
2020-08-20,985.4,985.4,985.4,985.4,0.02K,0.0
2020-08-19,985.4,985.4,985.4,985.4,,-0.0001
2020-08-18,985.5,985.4,985.5,985.4,0.27K,0.0
2020-08-17,985.5,985.5,985.6,985.5,0.14K,0.0
2020-08-14,985.5,985.5,985.6,985.5,3.45K,0.0
2020-08-13,985.5,985.5,985.6,985.5,0.02K,0.0
2020-08-12,985.5,985.6,985.6,985.5,,0.0
2020-08-11,985.5,985.6,985.6,985.5,3.25K,-0.0001
2020-08-10,985.6,985.6,985.7,985.6,0.12K,0.0
2020-08-07,985.6,985.6,985.7,985.6,4.67K,0.0
2020-08-06,985.6,985.6,985.7,985.6,0.52K,0.0
2020-08-05,985.6,985.9,985.9,985.6,0.03K,0.0
2020-08-04,985.6,985.6,985.7,985.6,0.11K,0.0
2020-08-03,985.6,985.7,985.7,985.6,0.16K,0.0
2020-07-31,985.6,985.6,985.7,985.6,0.33K,-0.0003
2020-07-30,985.9,985.8,985.9,985.7,0.40K,0.0002
2020-07-29,985.7,985.8,985.8,985.7,,0.0
2020-07-28,985.7,985.8,985.8,985.7,0.06K,0.0
2020-07-27,985.7,985.8,985.8,985.7,6.09K,-0.0001
2020-07-24,985.8,985.7,985.9,985.7,2.00K,0.0
2020-07-23,985.8,985.8,985.9,985.8,0.22K,0.0
2020-07-22,985.8,985.8,985.9,985.8,0.00K,0.0
2020-07-21,985.8,985.8,985.8,985.7,0.24K,0.0
2020-07-20,985.8,986.1,986.1,985.8,0.00K,0.0
2020-07-17,985.8,985.8,985.8,985.8,0.01K,0.0
2020-07-16,985.8,985.8,985.8,985.8,2.02K,-0.0001
2020-07-15,985.9,985.9,986.0,985.9,0.32K,0.0
2020-07-14,985.9,986.0,986.0,985.9,2.71K,0.0
2020-07-13,985.9,986.2,986.2,985.9,1.01K,0.0
2020-07-10,985.9,985.9,986.0,985.9,0.35K,0.0
2020-07-09,985.9,985.9,985.9,985.9,6.27K,0.0
2020-07-08,985.9,986.0,986.0,985.9,0.01K,-0.0001
2020-07-07,986.0,986.0,986.1,986.0,0.12K,0.0
2020-07-06,986.0,986.0,986.1,986.0,0.09K,0.0
2020-07-03,986.0,986.0,986.0,986.0,0.00K,-0.0001
2020-07-02,986.1,986.1,986.1,986.0,0.18K,0.0001
2020-07-01,986.0,986.1,986.1,986.0,0.18K,0.0
2020-06-30,986.0,986.0,986.0,986.0,0.26K,0.0
2020-06-29,986.0,986.0,986.1,986.0,0.08K,-0.0001
2020-06-26,986.1,986.1,986.1,986.1,,0.0
2020-06-25,986.1,986.1,986.2,986.1,2.62K,0.0
2020-06-24,986.1,986.1,986.2,986.1,0.63K,0.0
2020-06-23,986.1,986.2,986.2,986.1,3.33K,0.0
2020-06-22,986.1,986.2,986.2,986.1,4.27K,-0.0001
2020-06-19,986.2,986.2,986.2,986.2,2.04K,-0.0002
2020-06-18,986.4,986.3,986.4,986.2,1.18K,0.0001
2020-06-17,986.3,986.2,986.3,986.2,0.35K,0.0
2020-06-16,986.3,986.3,986.3,986.3,,0.0001
2020-06-15,986.2,986.3,986.3,985.9,1.87K,0.0001
2020-06-12,986.1,986.3,986.4,986.1,2.50K,-0.0001
2020-06-11,986.2,986.3,986.4,986.2,0.55K,-0.0001
2020-06-10,986.3,986.3,986.3,986.3,0.02K,0.0
2020-06-09,986.3,986.3,986.4,986.3,0.00K,0.0
2020-06-08,986.3,986.4,986.4,986.3,2.06K,-0.0001
2020-06-05,986.4,986.3,986.5,986.3,0.02K,-0.0002
2020-06-04,986.6,986.4,986.6,986.3,1.41K,0.0002
2020-06-03,986.4,986.4,986.5,986.4,3.49K,0.0
2020-06-02,986.4,986.4,986.4,986.4,,0.0
2020-06-01,986.4,986.4,986.4,986.4,0.07K,0.0
2020-05-29,986.4,986.5,986.5,986.4,0.03K,0.0
2020-05-28,986.4,986.5,986.5,986.4,0.25K,0.0
2020-05-27,986.4,986.4,986.4,986.4,,-0.0001
2020-05-26,986.5,986.5,986.6,986.5,0.00K,0.0
2020-05-25,986.5,986.5,986.6,986.5,0.56K,0.0
2020-05-22,986.5,986.9,986.9,986.5,1.10K,0.0
2020-05-21,986.5,986.5,986.5,986.5,1.26K,0.0
2020-05-20,986.5,986.5,986.6,986.5,2.82K,-0.0001
2020-05-19,986.6,987.1,987.1,986.6,2.32K,0.0001
2020-05-18,986.5,986.5,986.6,986.5,2.41K,-0.0001
2020-05-15,986.6,986.6,986.7,986.6,3.09K,0.0
2020-05-14,986.6,986.7,986.7,986.6,0.02K,0.0
2020-05-13,986.6,986.6,986.7,986.0,9.56K,0.0
2020-05-12,986.6,986.6,986.7,986.6,0.00K,0.0
2020-05-11,986.6,986.6,986.7,986.6,0.22K,0.0
2020-05-08,986.6,986.6,986.7,986.6,0.04K,-0.0002
2020-05-07,986.8,986.8,986.9,986.8,1.09K,0.0
2020-05-06,986.8,986.8,986.8,986.8,,0.0001
2020-05-05,986.7,986.7,986.7,986.7,,-0.0001
2020-05-04,986.8,986.7,986.9,986.7,2.97K,0.0001
2020-04-30,986.7,986.8,986.9,986.7,0.21K,-0.0001
2020-04-29,986.8,986.8,986.9,986.8,0.53K,0.0
2020-04-28,986.8,986.8,986.9,986.8,0.41K,0.0
2020-04-27,986.8,986.8,986.8,986.8,0.25K,0.0
2020-04-24,986.8,986.9,987.0,986.8,2.16K,-0.0002
2020-04-23,987.0,986.9,987.0,986.8,0.31K,0.0001
2020-04-22,986.9,986.9,986.9,986.8,0.01K,0.0
2020-04-21,986.9,986.9,987.0,986.8,1.25K,0.0
2020-04-20,986.9,986.9,987.0,986.9,0.55K,-0.0001
2020-04-17,987.0,987.0,987.1,987.0,1.68K,0.0
2020-04-16,987.0,987.0,987.1,986.9,2.45K,0.0
2020-04-15,987.0,987.0,987.1,986.9,0.00K,0.0
2020-04-14,987.0,987.0,987.1,986.4,5.95K,-0.0007000000000000001
2020-04-09,987.7,987.1,987.7,986.5,7.36K,0.0006
2020-04-08,987.1,987.0,987.7,987.0,3.37K,0.0
2020-04-07,987.1,987.1,987.2,987.0,3.83K,0.0004
2020-04-06,986.7,987.1,987.2,986.7,1.88K,-0.0004
2020-04-03,987.1,987.1,987.2,987.0,0.75K,0.0
2020-04-02,987.1,987.1,987.1,987.1,0.00K,-0.0001
2020-04-01,987.2,987.2,987.3,987.2,0.82K,-0.0001
2020-03-31,987.3,987.2,987.3,987.1,1.14K,0.0001
2020-03-30,987.2,987.3,987.8,987.1,1.51K,0.0001
2020-03-27,987.1,987.2,987.3,987.0,7.99K,-0.0001
2020-03-26,987.2,987.2,987.4,986.5,0.86K,0.0001
2020-03-25,987.1,986.5,987.7,986.5,3.66K,0.0005
2020-03-24,986.6,986.5,987.9,986.5,0.66K,-0.0012
2020-03-23,987.8,986.5,987.8,986.5,0.59K,0.0013
2020-03-20,986.5,987.2,988.0,986.1,2.68K,-0.0006
2020-03-19,987.1,987.2,987.4,987.1,7.66K,-0.0001
2020-03-18,987.2,987.3,987.4,987.1,17.32K,-0.0016
2020-03-17,988.8,987.3,988.8,986.6,3.27K,0.0015
2020-03-16,987.3,986.8,987.6,986.8,5.82K,0.0
2020-03-13,987.3,990.8,990.8,987.1,0.21K,-0.0044
2020-03-12,991.7,987.4,991.7,987.2,9.68K,0.004
2020-03-11,987.7,987.3,987.7,987.3,8.89K,-0.0003
2020-03-10,988.0,987.5,988.0,987.0,22.80K,0.0006
2020-03-09,987.4,987.4,987.5,987.3,1.39K,0.0
2020-03-06,987.4,987.4,987.5,987.3,0.40K,0.0001
2020-03-05,987.3,987.4,987.6,987.3,2.25K,-0.0001
2020-03-04,987.4,987.4,987.5,987.4,0.41K,-0.0001
2020-03-03,987.5,987.4,987.6,987.4,0.76K,0.0001
2020-03-02,987.4,987.4,987.6,987.4,0.20K,0.0
2020-02-28,987.4,987.5,987.6,987.4,0.73K,-0.0001
2020-02-27,987.5,987.5,987.5,987.5,12.00K,0.0
2020-02-26,987.5,987.5,987.6,987.4,1.90K,0.0
2020-02-25,987.5,987.5,987.5,987.5,,0.0
2020-02-24,987.5,987.4,987.5,987.4,0.02K,0.0
2020-02-21,987.5,987.5,987.6,987.5,1.64K,0.0
2020-02-20,987.5,987.5,987.5,987.5,,0.0
2020-02-19,987.5,987.5,987.5,987.5,0.86K,0.0002
2020-02-18,987.3,987.5,987.5,987.3,8.24K,-0.0003
2020-02-17,987.6,987.6,987.6,987.6,,0.0
2020-02-14,987.6,987.6,987.6,987.6,15.03K,0.0
2020-02-13,987.6,987.6,987.6,987.6,,0.0
2020-02-12,987.6,987.6,987.7,987.6,0.07K,0.0
2020-02-11,987.6,987.6,987.6,987.6,1.00K,0.0
2020-02-10,987.6,987.6,987.7,987.6,0.04K,0.0
2020-02-07,987.6,987.7,987.7,987.6,0.42K,-0.0001
2020-02-06,987.7,987.7,987.7,987.7,0.01K,0.0
2020-02-05,987.7,987.7,987.8,987.7,0.14K,0.0
2020-02-04,987.7,987.7,987.7,987.7,3.00K,0.0
2020-02-03,987.7,987.7,987.8,987.7,0.52K,0.0
2020-01-31,987.7,987.7,987.8,987.7,0.01K,0.0
2020-01-30,987.7,987.8,987.8,987.7,,-0.0001
2020-01-29,987.8,987.7,987.8,987.7,1.09K,0.0
2020-01-28,987.8,987.8,987.8,987.8,,0.0
2020-01-27,987.8,987.8,987.9,987.8,0.02K,0.0
2020-01-24,987.8,987.8,987.9,987.8,0.09K,0.0
2020-01-23,987.8,987.8,987.9,987.8,0.18K,0.0
2020-01-22,987.8,987.8,987.9,987.8,0.05K,0.0
2020-01-21,987.8,987.8,987.8,987.8,,0.0
2020-01-20,987.8,987.8,987.8,987.8,,-0.0001
2020-01-17,987.9,987.9,987.9,987.9,0.00K,0.0
2020-01-16,987.9,987.9,988.0,987.9,0.01K,0.0
2020-01-15,987.9,987.9,988.0,987.9,0.01K,0.0
2020-01-14,987.9,988.0,988.0,987.9,0.49K,0.0
2020-01-13,987.9,987.9,987.9,987.9,,0.0
2020-01-10,987.9,987.9,987.9,987.9,,-0.0001
2020-01-09,988.0,988.0,988.0,988.0,0.05K,0.0
2020-01-08,988.0,988.0,988.1,988.0,0.00K,0.0
2020-01-07,988.0,988.0,988.1,988.0,0.00K,0.0
2020-01-06,988.0,988.0,988.0,988.0,,0.0
2020-01-03,988.0,988.0,988.0,988.0,0.00K,0.0
2020-01-02,988.0,988.0,988.0,988.0,0.04K,-0.0001
2019-12-31,988.1,988.3,988.3,988.0,0.10K,0.0
2019-12-30,988.1,988.1,988.2,988.1,0.01K,0.0
2019-12-27,988.1,988.1,988.1,988.1,,-0.0001
2019-12-24,988.2,988.1,988.2,988.1,,0.0001
2019-12-23,988.1,988.1,988.2,988.1,0.22K,-0.0001
2019-12-20,988.2,988.2,988.3,988.0,1.37K,-0.0001
2019-12-19,988.3,988.2,988.3,988.2,0.81K,0.0001
2019-12-18,988.2,988.2,988.2,988.2,0.10K,0.0
2019-12-17,988.2,988.2,988.2,988.2,,0.0
2019-12-16,988.2,988.2,988.2,988.2,,0.0
2019-12-13,988.2,988.2,988.2,988.2,,-0.0001
2019-12-12,988.3,988.2,988.3,988.2,,0.0
2019-12-11,988.3,988.3,988.3,988.3,,0.0
2019-12-10,988.3,988.3,988.3,988.2,3.03K,0.0
2019-12-09,988.3,988.3,988.3,988.3,,0.0
2019-12-06,988.3,988.3,988.3,988.3,0.01K,0.0
2019-12-05,988.3,988.3,988.4,988.3,0.01K,0.0
2019-12-04,988.3,988.3,988.3,988.3,0.21K,0.0
2019-12-03,988.3,988.4,988.4,988.3,,-0.0001
2019-12-02,988.4,988.4,988.4,988.4,0.01K,0.0
2019-11-29,988.4,988.4,988.5,988.4,0.06K,0.0
2019-11-28,988.4,988.4,988.4,988.4,,0.0
2019-11-27,988.4,988.4,988.4,988.4,0.03K,0.0
2019-11-26,988.4,988.4,988.4,988.4,0.01K,0.0
2019-11-25,988.4,988.4,988.4,988.4,,0.0
2019-11-22,988.4,988.4,988.4,988.4,,-0.0001
2019-11-21,988.5,988.5,988.5,988.5,0.03K,0.0
2019-11-20,988.5,988.5,988.5,988.5,,0.0
2019-11-19,988.5,988.5,988.5,988.5,0.09K,0.0
2019-11-18,988.5,988.5,988.5,988.5,0.36K,0.0
2019-11-15,988.5,988.5,988.5,988.5,,-0.0001
2019-11-14,988.6,988.6,988.7,988.6,5.03K,0.0
2019-11-13,988.6,988.6,988.7,988.6,0.18K,0.0
2019-11-12,988.6,988.6,988.7,988.6,1.37K,0.0
2019-11-11,988.6,988.6,988.7,988.6,0.98K,0.0
2019-11-08,988.6,988.6,988.7,988.6,0.18K,-0.0001
2019-11-07,988.7,988.7,988.7,988.7,,0.0
2019-11-06,988.7,988.7,988.7,988.7,,0.0
2019-11-05,988.7,988.7,988.7,988.7,,0.0
2019-11-04,988.7,988.7,988.8,988.7,0.05K,0.0
2019-11-01,988.7,988.7,988.7,988.7,0.00K,-0.0001
2019-10-31,988.8,988.7,988.8,988.7,3.00K,0.0
2019-10-30,988.8,988.8,988.8,988.8,,0.0
2019-10-29,988.8,988.8,988.9,988.8,0.00K,0.0
2019-10-28,988.8,988.8,988.8,988.8,,0.0
2019-10-25,988.8,988.8,988.8,988.8,0.42K,0.0
2019-10-24,988.8,988.8,988.8,988.8,0.36K,0.0
2019-10-23,988.8,988.8,988.8,988.8,0.71K,-0.0001
2019-10-22,988.9,988.9,988.9,988.9,0.10K,0.0
2019-10-21,988.9,988.9,989.0,988.9,7.15K,0.0
2019-10-18,988.9,988.9,989.0,988.8,1.94K,0.0
2019-10-17,988.9,988.9,989.0,988.9,0.07K,0.0
2019-10-16,988.9,988.9,989.0,988.9,0.25K,-0.0001
2019-10-15,989.0,989.0,989.0,989.0,1.33K,0.0
2019-10-14,989.0,989.0,989.0,989.0,0.05K,0.0
2019-10-11,989.0,989.0,989.0,989.0,,0.0
2019-10-10,989.0,989.0,989.0,989.0,0.60K,0.0
2019-10-09,989.0,989.0,989.0,989.0,,0.0
2019-10-08,989.0,989.0,989.0,989.0,,-0.0001
2019-10-07,989.1,989.1,989.1,989.1,1.00K,0.0
2019-10-04,989.1,989.1,989.1,989.1,,0.0
2019-10-03,989.1,989.1,989.1,989.1,0.38K,0.0
2019-10-02,989.1,989.1,989.1,989.1,0.06K,0.0
2019-10-01,989.1,989.1,989.1,989.1,0.80K,-0.0001
